{"cameraMode":{"drawMode":0,"name":"Shaded","section":"Shading Mode"},"sceneLighting":false,"audioPlay":false,"sceneViewState":{"showFog":true,"showMaterialUpdate":false,"showSkybox":false,"showFlares":true,"showImageEffects":true,"showParticleSystems":true},"in2DMode":false,"pivot":{"x":415.7889099121094,"y":194.68881225585938,"z":402.97064208984377},"rotation":{"x":0.04079892113804817,"y":-0.005130135454237461,"z":0.00018141130567528307,"w":0.9991850256919861},"size":867.9730224609375,"orthographic":false}