{"cameraMode":{"drawMode":0,"name":"Shaded","section":"Shading Mode"},"sceneLighting":false,"audioPlay":false,"sceneViewState":{"showFog":true,"showMaterialUpdate":false,"showSkybox":false,"showFlares":true,"showImageEffects":true,"showParticleSystems":true},"in2DMode":false,"pivot":{"x":-4.8646650314331059,"y":5.7942214012146,"z":-6.209708213806152},"rotation":{"x":0.05522589385509491,"y":0.328827828168869,"z":-0.019220244139432908,"w":0.9426664113998413},"size":2.3349101543426515,"orthographic":false}