{"cameraMode":{"drawMode":0,"name":"Shaded","section":"Shading Mode"},"sceneLighting":false,"audioPlay":false,"sceneViewState":{"showFog":false,"showMaterialUpdate":false,"showSkybox":false,"showFlares":false,"showImageEffects":false,"showParticleSystems":false},"in2DMode":false,"pivot":{"x":2.482912063598633,"y":4.4147257804870609,"z":-9.358773231506348},"rotation":{"x":-0.011306588537991047,"y":-0.3234168589115143,"z":0.004027152433991432,"w":-0.9462305307388306},"size":4.041658401489258,"orthographic":false}