{"cameraMode":{"drawMode":0,"name":"Shaded","section":"Shading Mode"},"sceneLighting":false,"audioPlay":false,"sceneViewState":{"showFog":false,"showMaterialUpdate":false,"showSkybox":false,"showFlares":false,"showImageEffects":false,"showParticleSystems":false},"in2DMode":false,"pivot":{"x":227.3629913330078,"y":-6.620254039764404,"z":53.3770751953125},"rotation":{"x":-0.0855436772108078,"y":0.1772334724664688,"z":-0.015267101116478444,"w":-0.9803668260574341},"size":71.44709777832031,"orthographic":false}