{"cameraMode":{"drawMode":0,"name":"Shaded","section":"Shading Mode"},"sceneLighting":false,"audioPlay":false,"sceneViewState":{"showFog":true,"showMaterialUpdate":false,"showSkybox":false,"showFlares":true,"showImageEffects":true,"showParticleSystems":true},"in2DMode":false,"pivot":{"x":-14.25720500946045,"y":6.800602912902832,"z":-0.6495990753173828},"rotation":{"x":-0.2002105861902237,"y":-0.3175346255302429,"z":0.06878166645765305,"w":-0.9243180155754089},"size":106.84195709228516,"orthographic":false}