{"cameraMode":{"drawMode":0,"name":"Shaded","section":"Shading Mode"},"sceneLighting":false,"audioPlay":false,"sceneViewState":{"showFog":false,"showMaterialUpdate":false,"showSkybox":false,"showFlares":false,"showImageEffects":false,"showParticleSystems":false},"in2DMode":false,"pivot":{"x":86.48894500732422,"y":24.260976791381837,"z":-53.47766876220703},"rotation":{"x":0.29935306310653689,"y":0.054551806300878528,"z":-0.017220914363861085,"w":0.9525269269943237},"size":26.480974197387697,"orthographic":false}